<?xml version="1.0" encoding="UTF-8"?>
<project-private xmlns="http://www.netbeans.org/ns/project-private/1">
    <editor-bookmarks xmlns="http://www.netbeans.org/ns/editor-bookmarks/2" lastBookmarkId="0"/>
    <open-files xmlns="http://www.netbeans.org/ns/projectui-open-files/2">
        <group>
            <file>file:/C:/Users/Bradley%20Trowbridge/Documents/NetBeans%20Projects/Pex%203/Pex2Final/src/aSolution/Ship.java</file>
            <file>file:/C:/Users/Bradley%20Trowbridge/Documents/NetBeans%20Projects/Pex%203/Pex2Final/src/aSolution/BattleshipGame.java</file>
            <file>file:/C:/Users/Bradley%20Trowbridge/Documents/NetBeans%20Projects/Pex%203/Pex2Final/src/aSolution/Submarine.java</file>
            <file>file:/C:/Users/Bradley%20Trowbridge/Documents/NetBeans%20Projects/Pex%203/Pex2Final/src/aSolution/EmptySea.java</file>
            <file>file:/C:/Users/Bradley%20Trowbridge/Documents/NetBeans%20Projects/Pex%203/Pex2Final/src/aSolution/Ocean.java</file>
            <file>file:/C:/Users/Bradley%20Trowbridge/Documents/NetBeans%20Projects/Pex%203/Pex2Final/src/aSolution/PlayerOcean.java</file>
            <file>file:/C:/Users/Bradley%20Trowbridge/Documents/NetBeans%20Projects/Pex%203/Pex2Final/src/aSolution/Battleship.java</file>
            <file>file:/C:/Users/Bradley%20Trowbridge/Documents/NetBeans%20Projects/Pex%203/Pex2Final/src/aSolution/Destroyer.java</file>
            <file>file:/C:/Users/Bradley%20Trowbridge/Documents/NetBeans%20Projects/Pex%203/Pex2Final/src/aSolution/Cruiser.java</file>
        </group>
    </open-files>
</project-private>
